1	INS_DEFAULT	0	1	0	xxx	xxx	xxx	xxx	xxx	xxx	xxx	xxx	xxx	xxx	xxx	xxx	xxx	xxx	xxx	xxx	xxx	xxx	xxx	xxx	0	0	0	0	0	0	0	0	0	0	0	0	0	0	0	0	0	0	0	0
2	INS_FORT_JA	0	1	300	FORTRESS_JANGAN	FORT_JA_AREA	xxx	xxx	xxx	xxx	xxx	xxx	xxx	xxx	xxx	xxx	xxx	xxx	xxx	xxx	xxx	xxx	xxx	xxx	0	0	0	0	0	0	0	0	0	0	0	0	0	0	0	0	0	0	0	0
3	INS_FORT_DW	0	1	300	FORTRESS_DONWHANG	FORT_DW_AREA	xxx	xxx	xxx	xxx	xxx	xxx	xxx	xxx	xxx	xxx	xxx	xxx	xxx	xxx	xxx	xxx	xxx	xxx	0	0	0	0	0	0	0	0	0	0	0	0	0	0	0	0	0	0	0	0
4	INS_FORT_HT	0	1	300	FORTRESS_HOTAN	FORT_HT_AREA	xxx	xxx	xxx	xxx	xxx	xxx	xxx	xxx	xxx	xxx	xxx	xxx	xxx	xxx	xxx	xxx	xxx	xxx	0	0	0	0	0	0	0	0	0	0	0	0	0	0	0	0	0	0	0	0
5	INS_FORT_CT	0	1	300	FORTRESS_CONSTANTINOPLE	FORT_CT_AREA	xxx	xxx	xxx	xxx	xxx	xxx	xxx	xxx	xxx	xxx	xxx	xxx	xxx	xxx	xxx	xxx	xxx	xxx	0	0	0	0	0	0	0	0	0	0	0	0	0	0	0	0	0	0	0	0
6	INS_FORT_SK	0	1	300	FORTRESS_SAMARKAND	FORT_SK_AREA	xxx	xxx	xxx	xxx	xxx	xxx	xxx	xxx	xxx	xxx	xxx	xxx	xxx	xxx	xxx	xxx	xxx	xxx	0	0	0	0	0	0	0	0	0	0	0	0	0	0	0	0	0	0	0	0
7	INS_FORT_BJ	0	1	200	FORTRESS_BIJEOKDAN	FORT_BJ_AREA	xxx	xxx	xxx	xxx	xxx	xxx	xxx	xxx	xxx	xxx	xxx	xxx	xxx	xxx	xxx	xxx	xxx	xxx	0	0	0	0	0	0	0	0	0	0	0	0	0	0	0	0	0	0	0	0
8	INS_FORT_HM	0	1	200	FORTRESS_HEUKMAKDAN	FORT_HM_AREA	xxx	xxx	xxx	xxx	xxx	xxx	xxx	xxx	xxx	xxx	xxx	xxx	xxx	xxx	xxx	xxx	xxx	xxx	0	0	0	0	0	0	0	0	0	0	0	0	0	0	0	0	0	0	0	0
9	INS_FORT_ER	0	1	200	FORTRESS_EVILORDER	FORT_ER_AREA	xxx	xxx	xxx	xxx	xxx	xxx	xxx	xxx	xxx	xxx	xxx	xxx	xxx	xxx	xxx	xxx	xxx	xxx	0	0	0	0	0	0	0	0	0	0	0	0	0	0	0	0	0	0	0	0
10	INS_QNO_RM_OLDWOMAN_6	1	100	8	xxx	xxx	xxx	xxx	xxx	xxx	xxx	xxx	xxx	xxx	xxx	xxx	xxx	xxx	xxx	xxx	xxx	xxx	xxx	xxx	0	0	0	0	0	0	0	0	0	0	0	0	0	0	0	0	0	0	0	0
11	INS_QNO_EU_EASTEU_21	1	100	8	xxx	xxx	xxx	xxx	xxx	xxx	xxx	xxx	xxx	xxx	xxx	xxx	xxx	xxx	xxx	xxx	xxx	xxx	xxx	xxx	0	0	0	0	0	0	0	0	0	0	0	0	0	0	0	0	0	0	0	0
12	INS_QNO_EU_IVY_3	1	100	8	xxx	xxx	xxx	xxx	xxx	xxx	xxx	xxx	xxx	xxx	xxx	xxx	xxx	xxx	xxx	xxx	xxx	xxx	xxx	xxx	0	0	0	0	0	0	0	0	0	0	0	0	0	0	0	0	0	0	0	0
13	INS_QNO_CA_GORIA_7	1	100	8	xxx	xxx	xxx	xxx	xxx	xxx	xxx	xxx	xxx	xxx	xxx	xxx	xxx	xxx	xxx	xxx	xxx	xxx	xxx	xxx	0	0	0	0	0	0	0	0	0	0	0	0	0	0	0	0	0	0	0	0
14	INS_QINSHI_FLOOR_5	1	50	500	xxx	xxx	xxx	xxx	xxx	xxx	xxx	xxx	xxx	xxx	xxx	xxx	xxx	xxx	xxx	xxx	xxx	xxx	xxx	xxx	0	0	0	0	0	0	0	0	0	0	0	0	0	0	0	0	0	0	0	0
15	INS_QINSHI_FLOOR_6	1	50	500	xxx	xxx	xxx	xxx	xxx	xxx	xxx	xxx	xxx	xxx	xxx	xxx	xxx	xxx	xxx	xxx	xxx	xxx	xxx	xxx	0	0	0	0	0	0	0	0	0	0	0	0	0	0	0	0	0	0	0	0
16	INS_QNO_TQ_STONEBOARD_4	1	100	8	xxx	xxx	xxx	xxx	xxx	xxx	xxx	xxx	xxx	xxx	xxx	xxx	xxx	xxx	xxx	xxx	xxx	xxx	xxx	xxx	0	0	0	0	0	0	0	0	0	0	0	0	0	0	0	0	0	0	0	0
17	INS_QNO_TQ_ORNAMENT_4	1	100	8	xxx	xxx	xxx	xxx	xxx	xxx	xxx	xxx	xxx	xxx	xxx	xxx	xxx	xxx	xxx	xxx	xxx	xxx	xxx	xxx	0	0	0	0	0	0	0	0	0	0	0	0	0	0	0	0	0	0	0	0
18	INS_QNO_TQ_GENERALORDER_4	1	100	8	xxx	xxx	xxx	xxx	xxx	xxx	xxx	xxx	xxx	xxx	xxx	xxx	xxx	xxx	xxx	xxx	xxx	xxx	xxx	xxx	0	0	0	0	0	0	0	0	0	0	0	0	0	0	0	0	0	0	0	0
19	INS_QNO_TQ_BAEKRYEONG_10	1	100	1	xxx	xxx	xxx	xxx	xxx	xxx	xxx	xxx	xxx	xxx	xxx	xxx	xxx	xxx	xxx	xxx	xxx	xxx	xxx	xxx	0	0	0	0	0	0	0	0	0	0	0	0	0	0	0	0	0	0	0	0
20	INS_QNO_TQ_BAEKRYEONG_13	1	100	1	xxx	xxx	xxx	xxx	xxx	xxx	xxx	xxx	xxx	xxx	xxx	xxx	xxx	xxx	xxx	xxx	xxx	xxx	xxx	xxx	0	0	0	0	0	0	0	0	0	0	0	0	0	0	0	0	0	0	0	0
21	INS_QNO_TQ_BAEKRYEONG_14	1	100	1	xxx	xxx	xxx	xxx	xxx	xxx	xxx	xxx	xxx	xxx	xxx	xxx	xxx	xxx	xxx	xxx	xxx	xxx	xxx	xxx	0	0	0	0	0	0	0	0	0	0	0	0	0	0	0	0	0	0	0	0
22	INS_QNO_TQ_BAEKRYEONG_15	1	100	1	xxx	xxx	xxx	xxx	xxx	xxx	xxx	xxx	xxx	xxx	xxx	xxx	xxx	xxx	xxx	xxx	xxx	xxx	xxx	xxx	0	0	0	0	0	0	0	0	0	0	0	0	0	0	0	0	0	0	0	0
23	INS_QNO_TQ_BAEKRYEONG_16_1	1	100	1	xxx	xxx	xxx	xxx	xxx	xxx	xxx	xxx	xxx	xxx	xxx	xxx	xxx	xxx	xxx	xxx	xxx	xxx	xxx	xxx	0	0	0	0	0	0	0	0	0	0	0	0	0	0	0	0	0	0	0	0
24	INS_QNO_TQ_BAEKRYEONG_16_2	1	100	1	xxx	xxx	xxx	xxx	xxx	xxx	xxx	xxx	xxx	xxx	xxx	xxx	xxx	xxx	xxx	xxx	xxx	xxx	xxx	xxx	0	0	0	0	0	0	0	0	0	0	0	0	0	0	0	0	0	0	0	0
25	INS_QNO_TQ_BAEKRYEONG_17_1	1	100	8	xxx	xxx	xxx	xxx	xxx	xxx	xxx	xxx	xxx	xxx	xxx	xxx	xxx	xxx	xxx	xxx	xxx	xxx	xxx	xxx	0	0	0	0	0	0	0	0	0	0	0	0	0	0	0	0	0	0	0	0
26	INS_QNO_TQ_BAEKRYEONG_17_2	1	100	8	xxx	xxx	xxx	xxx	xxx	xxx	xxx	xxx	xxx	xxx	xxx	xxx	xxx	xxx	xxx	xxx	xxx	xxx	xxx	xxx	0	0	0	0	0	0	0	0	0	0	0	0	0	0	0	0	0	0	0	0
27	INS_QNO_TQ_BAEKRYEONG_17_3	1	100	8	xxx	xxx	xxx	xxx	xxx	xxx	xxx	xxx	xxx	xxx	xxx	xxx	xxx	xxx	xxx	xxx	xxx	xxx	xxx	xxx	0	0	0	0	0	0	0	0	0	0	0	0	0	0	0	0	0	0	0	0
28	INS_QNO_TQ_BAEKRYEONG_14_1	1	100	1	xxx	xxx	xxx	xxx	xxx	xxx	xxx	xxx	xxx	xxx	xxx	xxx	xxx	xxx	xxx	xxx	xxx	xxx	xxx	xxx	0	0	0	0	0	0	0	0	0	0	0	0	0	0	0	0	0	0	0	0
29	INS_EVENT_RANDOMMATCH	1	400	16	xxx	xxx	xxx	xxx	xxx	xxx	xxx	xxx	xxx	xxx	xxx	xxx	xxx	xxx	xxx	xxx	xxx	xxx	xxx	xxx	0	0	0	0	0	0	0	0	0	0	0	0	0	0	0	0	0	0	0	0
30	INS_QNO_CH_BATTLEZONE	1	100	1	xxx	xxx	xxx	xxx	xxx	xxx	xxx	xxx	xxx	xxx	xxx	xxx	xxx	xxx	xxx	xxx	xxx	xxx	xxx	xxx	0	0	0	0	0	0	0	0	0	0	0	0	0	0	0	0	0	0	0	0
31	INS_QNO_EU_BATTLEZONE	1	100	1	xxx	xxx	xxx	xxx	xxx	xxx	xxx	xxx	xxx	xxx	xxx	xxx	xxx	xxx	xxx	xxx	xxx	xxx	xxx	xxx	0	0	0	0	0	0	0	0	0	0	0	0	0	0	0	0	0	0	0	0
32	INS_QNO_CH_HWAN_1_5	1	100	1	xxx	xxx	xxx	xxx	xxx	xxx	xxx	xxx	xxx	xxx	xxx	xxx	xxx	xxx	xxx	xxx	xxx	xxx	xxx	xxx	0	0	0	0	0	0	0	0	0	0	0	0	0	0	0	0	0	0	0	0
33	INS_QNO_EU_HWAN_1_5	1	100	1	xxx	xxx	xxx	xxx	xxx	xxx	xxx	xxx	xxx	xxx	xxx	xxx	xxx	xxx	xxx	xxx	xxx	xxx	xxx	xxx	0	0	0	0	0	0	0	0	0	0	0	0	0	0	0	0	0	0	0	0
34	INS_QNO_CH_HWAN_2_5	1	100	1	xxx	xxx	xxx	xxx	xxx	xxx	xxx	xxx	xxx	xxx	xxx	xxx	xxx	xxx	xxx	xxx	xxx	xxx	xxx	xxx	0	0	0	0	0	0	0	0	0	0	0	0	0	0	0	0	0	0	0	0
35	INS_QNO_EU_HWAN_2_5	1	100	1	xxx	xxx	xxx	xxx	xxx	xxx	xxx	xxx	xxx	xxx	xxx	xxx	xxx	xxx	xxx	xxx	xxx	xxx	xxx	xxx	0	0	0	0	0	0	0	0	0	0	0	0	0	0	0	0	0	0	0	0
36	INS_QNO_CH_HWAN_1_1	1	100	1	xxx	xxx	xxx	xxx	xxx	xxx	xxx	xxx	xxx	xxx	xxx	xxx	xxx	xxx	xxx	xxx	xxx	xxx	xxx	xxx	0	0	0	0	0	0	0	0	0	0	0	0	0	0	0	0	0	0	0	0
37	INS_QNO_CH_HWAN_2_1	1	100	1	xxx	xxx	xxx	xxx	xxx	xxx	xxx	xxx	xxx	xxx	xxx	xxx	xxx	xxx	xxx	xxx	xxx	xxx	xxx	xxx	0	0	0	0	0	0	0	0	0	0	0	0	0	0	0	0	0	0	0	0
38	INS_QNO_EU_HWAN_1_1	1	100	1	xxx	xxx	xxx	xxx	xxx	xxx	xxx	xxx	xxx	xxx	xxx	xxx	xxx	xxx	xxx	xxx	xxx	xxx	xxx	xxx	0	0	0	0	0	0	0	0	0	0	0	0	0	0	0	0	0	0	0	0
39	INS_QNO_EU_HWAN_2_1	1	100	1	xxx	xxx	xxx	xxx	xxx	xxx	xxx	xxx	xxx	xxx	xxx	xxx	xxx	xxx	xxx	xxx	xxx	xxx	xxx	xxx	0	0	0	0	0	0	0	0	0	0	0	0	0	0	0	0	0	0	0	0
40	INS_ROC_TOP	1	50	150	xxx	xxx	xxx	xxx	xxx	xxx	xxx	xxx	xxx	xxx	xxx	xxx	xxx	xxx	xxx	xxx	xxx	xxx	xxx	xxx	0	0	0	0	0	0	0	0	0	0	0	0	0	0	0	0	0	0	0	0
41	INS_ROC_FRONT	1	100	8	xxx	xxx	xxx	xxx	xxx	xxx	xxx	xxx	xxx	xxx	xxx	xxx	xxx	xxx	xxx	xxx	xxx	xxx	xxx	xxx	0	0	0	0	0	0	0	0	0	0	0	0	0	0	0	0	0	0	0	0
