# v1.188 default factory tactics; join v1.150 by codename only.
# codename	normal-list	sight	nativeTacticsFlags	targetPolicy
MOB_CH_MANGNYANG	0	130	0	2
MOB_CH_MANGNYANG	1	115	0	2
MOB_CH_BIGEYEGHOST	0	100	0	2
MOB_CH_BIGEYEGHOST_CLON	0	115	0	2
MOB_CH_BIGEYEGHOST	1	115	0	2
MOB_CH_GYO	0	100	0	2
MOB_CH_GYO_CLON	0	115	0	2
MOB_CH_GYO	1	115	0	2
MOB_CH_WATERGHOST	0	100	0	2
MOB_CH_WATERGHOST_CLON	0	115	0	2
MOB_CH_WATERGHOST	1	115	0	2
MOB_CH_STONEGHOST	0	100	0	2
MOB_CH_STONEGHOST_CLON	0	115	0	2
MOB_CH_STONEGHOST	1	115	0	2
MOB_CH_YEOHA	0	100	0	2
MOB_CH_YEOHA_CLON	0	115	0	2
MOB_CH_YEOHA	1	95	0	2
MOB_CH_BANDITARCHER	0	100	0	2
MOB_CH_BANDITARCHER_CLON	0	115	0	2
MOB_CH_BANDITARCHER	1	95	0	2
MOB_CH_TIGER	0	100	0	2
MOB_CH_TIGER_CLON	0	100	0	2
MOB_CH_TIGER	1	100	0	2
MOB_CH_BANDIT	0	100	0	2
MOB_CH_BANDIT_CLON	0	100	0	2
MOB_CH_BANDIT	1	100	0	2
MOB_CH_TOMBSTONE	0	100	0	2
MOB_CH_TOMBSTONE_CLON	0	95	0	2
MOB_CH_TOMBSTONE	1	95	0	2
MOB_CH_WHITETIGER	0	100	0	2
MOB_CH_WHITETIGER_CLON	0	100	0	2
MOB_CH_WHITETIGER	1	100	0	2
MOB_CH_TIGERWOMAN	0	140	112	2
MOB_CH_CHAKJI	0	100	0	2
MOB_CH_CHAKJI_CLON	0	115	0	2
MOB_CH_CHAKJI	1	115	0	2
MOB_WC_GHOSTBUG	0	115	0	2
MOB_WC_DEVILBUG	0	100	0	2
MOB_WC_DEVILBUG	1	115	0	2
MOB_WC_EARTHGHOST	0	100	0	2
MOB_WC_EARTHGHOST_CLON	0	100	0	2
MOB_WC_EARTHGHOST	1	100	0	2
MOB_WC_GUNPOWDERGHOST	0	100	0	2
MOB_WC_GUNPOWDERGHOST_CLON	0	100	0	2
MOB_WC_GUNPOWDERGHOST	1	100	0	2
MOB_WC_EARTHKING	0	140	0	2
MOB_WC_DEMONHORSE	0	100	0	2
MOB_WC_DEMONHORSE_CLON	0	115	0	2
MOB_WC_DEMONHORSE	1	115	0	2
MOB_WC_HYEONGCHEON	0	100	0	2
MOB_WC_HYEONGCHEON_CLON	0	115	0	2
MOB_WC_HYEONGCHEON	1	115	0	2
MOB_OA_SCORPION	0	100	0	2
MOB_OA_SCORPION	1	115	0	2
MOB_OA_ONG	0	100	0	2
MOB_OA_ONG	1	115	0	2
MOB_OA_DESERTTRUNKZ	0	100	0	2
MOB_OA_DESERTTRUNKZ	1	110	0	2
MOB_OA_BLACKROBBER	0	100	0	2
MOB_OA_BLACKROBBER	1	115	0	2
MOB_OA_BLACKROBBERARCHER	0	100	0	2
MOB_OA_BLACKROBBERARCHER	1	120	0	2
MOB_OA_URUCHI	0	140	112	2
MOB_OA_REDEYEGHOST	0	100	0	2
MOB_OA_REDEYEGHOST	1	115	0	2
MOB_OA_REDSCORPION	0	130	0	2
MOB_OA_REDSCORPION	1	100	0	2
MOB_KT_ONG_CLON2	0	100	0	2
MOB_KT_DESERTTRUNKZ_CLON	0	100	0	2
MOB_KT_DESERTTRUNKZ_CLON	1	150	0	2
MOB_KT_WHITESPIDER	0	100	0	2
MOB_KT_WHITESPIDER	1	115	0	2
MOB_KT_BUNWANG_CLON	0	100	0	2
MOB_KT_BUNWANG	0	100	0	2
MOB_KT_BUNWANG	1	115	0	2
MOB_KT_MUJIGI	0	100	0	2
MOB_KT_MUJIGI	1	115	0	2
MOB_WC_HYUNGNO	0	100	0	2
MOB_WC_HYUNGNO	1	115	0	2
MOB_WC_HYUNGNO_CLON	0	115	0	2
MOB_WC_EARTHKING_CLON	0	115	0	2
MOB_WC_EARTHKING	1	115	0	2
MOB_OA_SCORPION_CLON	0	100	0	2
MOB_OA_DESERTTRUNKZ_CLON2	0	110	0	2
MOB_OA_ONG_CLON	0	100	0	2
MOB_OA_BLACKROBBER_CLON	0	100	0	2
MOB_OA_YEOWA_CLON	0	115	0	2
MOB_OA_YEOWA	0	130	0	2
MOB_OA_YEOWA	1	100	0	2
MOB_OA_BLACKROBBERARCHER_CLON	0	120	0	2
MOB_OA_REDSCORPION_CLON	0	100	0	2
MOB_OA_REDEYEGHOST_CLON	0	100	0	2
MOB_KT_WHITESPIDER_CLON	0	100	0	2
MOB_KT_MUJIGI_CLON	0	150	0	2
MOB_KK_ISHADE	0	100	0	2
MOB_KK_ISHADE	1	110	0	2
MOB_KK_ISHADE_CLON	0	110	0	2
MOB_KK_SPIDER_CLON	0	100	0	2
MOB_KK_SPIDER	0	100	0	2
MOB_KK_SPIDER	1	100	0	2
MOB_KK_PENON_F	0	100	0	2
MOB_KK_PENON_F	1	100	0	2
MOB_KK_PENON_W	0	100	0	2
MOB_KK_PLANAR	0	100	0	2
MOB_KK_PLANAR	1	100	0	2
MOB_KK_GWHITESPIDER_CLON	0	100	0	2
MOB_KK_PLANAR_CLON	0	100	0	2
MOB_KK_GWHITESPIDER	0	115	0	2
MOB_KK_GWHITESPIDER	1	100	0	2
MOB_KK_YETI	0	115	0	2
MOB_KK_YETI	1	100	0	2
MOB_KK_YETI_CLON	0	100	0	2
MOB_KK_ISYUTARU	0	150	112	2
MOB_DH_BUGGHOST	0	100	0	2
MOB_DH_BUGGHOST_CLON	0	100	0	2
MOB_DH_BUGGHOST	1	100	0	2
MOB_DH_WORKEARTHGHOST	0	100	0	2
MOB_DH_WORKEARTHGHOST_CLON	0	100	0	2
MOB_DH_WORKEARTHGHOST	1	100	0	2
MOB_DH_SOLDIEREARTHGHOST	0	100	0	2
MOB_DH_SOLDIEREARTHGHOST_CLON	0	100	0	2
MOB_DH_SOLDIEREARTHGHOST	1	100	0	2
MOB_DH_BLINDMON	0	100	0	2
MOB_DH_BLINDMON_CLON	0	115	0	2
MOB_DH_BLINDMON	1	100	0	2
MOB_DH_YACHA	0	100	0	2
MOB_DH_YACHA_CLON	0	115	0	2
MOB_DH_YACHA	1	100	0	2
MOB_DH_NACHAL	0	150	0	2
MOB_DH_NACHAL_CLON	0	100	0	2
MOB_DH_NACHAL	1	150	0	2
MOB_AUTOMOB	0	250	0	0
MOB_TK_EDIMMU	0	100	0	2
MOB_TK_EDIMMU_CLON	0	100	0	2
MOB_TK_EDIMMU	1	100	0	2
MOB_TK_DEATHKARA	0	100	0	2
MOB_TK_DEATHKARA_CLON	0	100	0	2
MOB_TK_DEATHKARA	1	100	0	2
MOB_TK_DEVILEYE	0	100	0	2
MOB_TK_DEVILEYE_CLON	0	100	0	2
MOB_TK_DEVILEYE	1	100	0	2
MOB_TK_BONESOLDIER	0	100	0	2
MOB_TK_BONESOLDIER_CLON	0	115	0	2
MOB_TK_BONESOLDIER	1	100	0	2
MOB_TK_BONEHUNTER	0	100	0	2
MOB_TK_BONEHUNTER_CLON	0	115	0	2
MOB_TK_BONEHUNTER	1	100	0	2
MOB_TK_BONEMAGE	0	150	0	2
MOB_TK_BONEMAGE_CLON	0	100	0	2
MOB_TK_BONEMAGE	1	150	0	2
MOB_TK_BONEGENERAL	0	115	0	2
MOB_TK_BONEGENERAL_CLON	0	100	0	2
MOB_TK_BONEGENERAL	1	100	0	2
MOB_TK_BONELORD	0	150	112	2
MOB_RM_FEATHERMASK_CLON	0	150	0	2
MOB_RM_FEATHERMASK_CLON	1	100	0	2
MOB_RM_ROCKY_CLON	0	150	0	2
MOB_RM_ROCKY_CLON	1	100	0	2
MOB_RM_FEATHERMASK	0	150	0	2
MOB_RM_FEATHERMASK	1	115	0	2
MOB_RM_GOAT_CLON	0	150	0	2
MOB_RM_GOAT_CLON	1	100	0	2
MOB_RM_GOAT	0	150	0	2
MOB_RM_GOAT	1	115	0	2
MOB_RM_WINGTRIBE_CLON	0	150	0	2
MOB_RM_WINGTRIBE_CLON	1	100	0	2
MOB_RM_WINGTRIBE	0	150	0	2
MOB_RM_WINGTRIBE	1	115	0	2
MOB_RM_ANTELOPE_CLON	0	150	0	2
MOB_RM_ANTELOPE_CLON	1	100	0	2
MOB_RM_ANTELOPE	0	150	0	2
MOB_RM_ANTELOPE	1	125	0	2
MOB_RM_WINGTRIBESPEAR_CLON	0	150	0	2
MOB_RM_WINGTRIBESPEAR_CLON	1	100	0	2
MOB_RM_WINGTRIBESPEAR	0	150	0	2
MOB_RM_WINGTRIBESPEAR	1	125	0	2
MOB_RM_ROCKY	0	160	0	2
MOB_RM_ROCKY	1	125	0	2
MOB_RM_TAHOMET	0	200	112	2
MOB_EU_KERBEROS	0	300	112	2
MOB_RM_ROCKY_CLON2	0	200	0	2
MOB_RM_ROCKY_CLON2	1	150	0	2
MOB_QT_01_ROCKY_CLON2	0	1000	0	2
MOB_QT_02_ROCKY_CLON2	0	1000	0	2
MOB_QT_03_ROCKY_CLON2	0	1000	0	2
MOB_QT_04_ROCKY_CLON2	0	1000	0	2
MOB_QT_05_ROCKY_CLON2	0	1000	0	2
MOB_QT_06_ROCKY_CLON2	0	1000	0	2
MOB_QT_07_ROCKY_CLON2	0	1000	0	2
MOB_QT_01_ANTELOPE_CLON	0	150	0	2
MOB_QT_01_WINGTRIBE	0	150	8	2
MOB_QT_01_TAHOMET	0	150	0	2
NPC_CH_SMITH	0	0	0	0
NPC_CH_ARMOR	0	0	0	0
NPC_CH_POTION	0	0	0	0
NPC_CH_ACCESSORY	0	0	0	0
NPC_CH_HORSE	0	0	0	0
NPC_CH_SPECIAL	0	0	0	0
NPC_CH_FERRY	0	0	0	0
NPC_CH_BOATMAN	0	0	0	0
NPC_CH_WAREHOUSE_M	0	0	0	0
NPC_CH_WAREHOUSE_W	0	0	0	0
NPC_CH_TICKET	0	0	0	0
NPC_CH_LOTTERY	0	0	0	0
NPC_CH_SHAMAN	0	0	0	0
NPC_CH_CHEF	0	0	0	0
NPC_CH_GENARAL	0	0	0	0
NPC_CH_GENARAL_SW	0	0	0	0
NPC_CH_GENARAL_SP	0	0	0	0
NPC_CH_GENARAL_BO	0	0	0	0
NPC_CH_PRIEST	0	0	0	0
NPC_CH_DOCTOR	0	0	0	0
NPC_CH_ISLAM	0	0	0	0
NPC_CH_EUROPE	0	0	0	0
NPC_CH_INDIA	0	0	0	0
NPC_CH_SOLDIER_EM1	0	0	0	0
NPC_CH_SOLDIER_EM2	0	0	0	0
NPC_CH_SOLDIER_EA1	0	0	0	0
NPC_CH_SOLDIER_EA2	0	0	0	0
NPC_CH_SOLDIER_WE1	0	0	0	0
NPC_CH_SOLDIER_WE2	0	0	0	0
NPC_CH_SOLDIER_SO1	0	0	0	0
NPC_CH_SOLDIER_SO2	0	0	0	0
NPC_CH_BEGGARBOY	0	0	0	0
NPC_CH_BIGMAN	0	0	0	0
NPC_CH_KISAENG1	0	0	0	0
NPC_CH_KISAENG2	0	0	0	0
NPC_CH_KISAENG3	0	0	0	0
NPC_CH_KISAENG4	0	0	0	0
NPC_CH_KISAENG5	0	0	0	0
NPC_CH_KISAENG6	0	0	0	0
NPC_CH_HORSE1	0	0	0	0
NPC_CH_HORSE2	0	0	0	0
NPC_CH_HORSE3	0	0	0	0
NPC_CH_HORSE4	0	0	0	0
NPC_WC_SMITH	0	0	0	0
NPC_WC_ARMOR	0	0	0	0
NPC_WC_POTION	0	0	0	0
NPC_WC_ACCESSORY	0	0	0	0
NPC_WC_HORSE	0	0	0	0
NPC_WC_FERRY	0	0	0	0
NPC_WC_WAREHOUSE_M	0	0	0	0
NPC_WC_WAREHOUSE_W	0	0	0	0
NPC_WC_SPECIAL	0	0	0	0
NPC_WC_PRIEST1	0	0	0	0
NPC_WC_PRIEST2	0	0	0	0
NPC_WC_GENARAL_SW	0	0	0	0
NPC_WC_GENARAL_SP	0	0	0	0
NPC_WC_GENARAL_BO	0	0	0	0
NPC_WC_DOCTOR	0	0	0	0
NPC_WC_SOLDIER_EA1	0	0	0	0
NPC_WC_SOLDIER_EA2	0	0	0	0
NPC_WC_SOLDIER_WE1	0	0	0	0
NPC_WC_SOLDIER_WE2	0	0	0	0
NPC_WC_SOLDIER_SO	0	0	0	0
NPC_WC_PRIEST3	0	0	0	0
NPC_CH_POTION2	0	0	0	0
NPC_CH_POTION3	0	0	0	0
NPC_KT_SMITH	0	0	0	0
NPC_KT_ARMOR	0	0	0	0
NPC_KT_POTION	0	0	0	0
NPC_KT_ACCESSORY	0	0	0	0
NPC_KT_HORSE	0	0	0	0
NPC_KT_SPECIAL	0	0	0	0
NPC_KT_DESIGNER	0	0	0	0
NPC_KT_FERRY	0	0	0	0
NPC_KT_BOATMAN1	0	0	0	0
NPC_KT_BINIKI1	0	0	0	0
NPC_KT_BINIKI2	0	0	0	0
NPC_KT_WAREHOUSE	0	0	0	0
NPC_KT_MANAGER	0	0	0	0
NPC_KT_MINISTER	0	0	0	0
NPC_KT_SOLDIER_EM1	0	0	0	0
NPC_KT_SOLDIER_EM2	0	0	0	0
NPC_KT_SOLDIER_EA1	0	0	0	0
NPC_KT_SOLDIER_EA2	0	0	0	0
NPC_KT_SOLDIER_SO1	0	0	0	0
NPC_KT_SOLDIER_SO2	0	0	0	0
NPC_KT_SOLDIER_WE1	0	0	0	0
NPC_KT_SOLDIER_WE2	0	0	0	0
NPC_TD_THIEF_BUY	0	0	0	0
NPC_TD_THIEF_SELL	0	0	0	0
NPC_TD_THIEF_A	0	0	0	0
NPC_TD_THIEF_B	0	0	0	0
NPC_TD_THIEF_C	0	0	0	0
NPC_TD_THIEF_D	0	0	0	0
NPC_CH_FERRY2	0	0	0	0
NPC_WC_FERRY2	0	0	0	0
NPC_CH_EVENT_SANTA_KISAENG1	0	0	0	0
NPC_WC_FERRY3	0	0	0	0
NPC_WC_FERRY4	0	0	0	0
NPC_KT_FERRY2	0	0	0	0
NPC_KT_FERRY3	0	0	0	0
NPC_CH_EVENT_KISAENG1	0	0	0	0
NPC_KT_FLYSHIP1	0	0	0	0
NPC_KT_FLYSHIP2	0	0	0	0
NPC_RM_VILLAGECHIEF	0	0	0	0
NPC_RM_SLAVE1	0	0	0	0
NPC_RM_SLAVE2	0	0	0	0
NPC_RM_SLAVE3	0	0	0	0
NPC_RM_YOUNGWOMAN1	0	0	0	0
NPC_RM_YOUNGWOMAN2	0	0	0	0
NPC_RM_OLDWOMAN	0	0	0	0
NPC_RM_FLYSHIP1	0	0	0	0
NPC_RM_FLYSHIP2	0	0	0	0
NPC_CH_GACHA_MACHINE	0	0	0	0
NPC_CH_GACHA_OPERATOR	0	0	0	0
NPC_CH_SPECIAL2	0	0	0	0
NPC_WC_SPECIAL2	0	0	0	0
NPC_TK_SPECIAL	0	0	0	0
NPC_RM_SPECIAL	0	0	0	0
NPC_TK_TUNNEL_NO	0	0	0	0
NPC_TK_TUNNEL_SO	0	0	0	0
NPC_CH_MOONSHADOW	0	0	0	0
NPC_EU_SMITH	0	0	0	0
NPC_EU_ARMOR	0	0	0	0
NPC_EU_POTION	0	0	0	0
NPC_EU_ACCESSORY	0	0	0	0
NPC_EU_HORSE	0	0	0	0
NPC_EU_SPECIAL	0	0	0	0
NPC_EU_MERCHANT	0	0	0	0
NPC_EU_FERRY	0	0	0	0
NPC_EU_WAREHOUSE	0	0	0	0
NPC_EU_HUNTER	0	0	0	0
NPC_EU_WITCH	0	0	0	0
NPC_EU_MADAM	0	0	0	0
NPC_EU_PRIEST	0	0	0	0
NPC_EU_ADVENTURER	0	0	0	0
NPC_EU_MANAGER	0	0	0	0
NPC_EU_CHINABOY	0	0	0	0
NPC_EU_CONSUL	0	0	0	0
NPC_EU_UNION1	0	0	0	0
NPC_EU_UNION2	0	0	0	0
NPC_EU_GENERAL	0	0	0	0
NPC_EU_SOLDIER_CA1	0	0	0	0
NPC_EU_SOLDIER_CA2	0	0	0	0
NPC_EU_SOLDIER_NO1	0	0	0	0
NPC_EU_SOLDIER_NO2	0	0	0	0
NPC_EU_SOLDIER_EA1	0	0	0	0
NPC_EU_SOLDIER_EA2	0	0	0	0
NPC_EU_SOLDIER_PO1	0	0	0	0
NPC_EU_SOLDIER_PO2	0	0	0	0
NPC_EU_SOLDIER_CC1	0	0	0	0
NPC_EU_FERRY2	0	0	0	0
NPC_EU_GUILD	0	0	0	0
NPC_EU_ADVICE	0	0	0	0
NPC_EU_ADVICE2	0	0	0	0
NPC_EU_ADVICE3	0	0	0	0
NPC_AM_FERRY1	0	0	0	0
NPC_AM_FERRY2	0	0	0	0
NPC_AM_FLYSHIP	0	0	0	0
NPC_CA_SMITH	0	0	0	0
NPC_CA_ARMOR	0	0	0	0
NPC_CA_POTION	0	0	0	0
NPC_CA_ACCESSORY	0	0	0	0
NPC_CA_HORSE	0	0	0	0
NPC_CA_SPECIAL	0	0	0	0
NPC_CA_MERCHANT	0	0	0	0
NPC_CA_WAREHOUSE	0	0	0	0
NPC_CA_HUNTER	0	0	0	0
NPC_CA_SOLDIER_EA1	0	0	0	0
NPC_CA_SOLDIER_EA2	0	0	0	0
NPC_CA_SOLDIER_SO1	0	0	0	0
NPC_CA_SOLDIER_SO2	0	0	0	0
NPC_CA_SOLDIER_WE1	0	0	0	0
NPC_CA_SOLDIER_WE2	0	0	0	0
NPC_CA_TUNNEL_NO	0	0	0	0
NPC_CA_TUNNEL_SO	0	0	0	0
NPC_CA_FLYSHIP	0	0	0	0
NPC_RM_FLYSHIP3	0	0	0	0
NPC_WC_GUILD	0	0	0	0
NPC_KT_GUILD	0	0	0	0
NPC_CA_GUILD	0	0	0	0
NPC_CH_FORTRESS_OFFICIAL	0	0	0	0
NPC_CH_FORTRESS_MANAGER1	0	0	0	0
NPC_CH_FORTRESS_BATTLEAIDE1	0	0	0	0
NPC_CH_FORTRESS_SMITH1	0	0	0	0
NPC_CH_FORTRESS_TRAINER1	0	0	0	0
NPC_TQ_TREASUREBOX1	0	0	0	0
NPC_TQ_TREASUREBOX2	0	0	0	0
NPC_TQ_TREASUREBOX3	0	0	0	0
NPC_TQ_TREASUREBOX4	0	0	0	0
NPC_CH_QT_MOONSHADOW	0	0	0	0
NPC_CH_FORTRESS_MANAGER2	0	0	0	0
NPC_CH_FORTRESS_BATTLEAIDE2	0	0	0	0
NPC_CH_FORTRESS_SMITH2	0	0	0	0
NPC_KT_FORTRESS_OFFICIAL	0	0	0	0
NPC_KT_FORTRESS_MANAGER	0	0	0	0
NPC_KT_FORTRESS_BATTLEAIDE	0	0	0	0
NPC_KT_FORTRESS_SMITH	0	0	0	0
NPC_KT_FORTRESS_TRAINER	0	0	0	0
MOB_FW_HANGA_001	0	300	272	2
MOB_FW_TAESE_001	0	400	112	2
MOB_FW_BIGSPIDER_001	0	300	272	2
MOB_FW_HAGIAZO_001	0	300	272	2
MOB_FW_DARKEAGLE_001	0	300	272	2
MOB_FW_WHITETIGER_001	0	300	272	2
MOB_FW_HYEONGCHEON_001	0	400	112	2
MOB_FW_MUJIGI_001	0	400	112	2
MOB_FW_KYKLOPES_001	0	300	272	2
MOB_FW_BATTLEGOLEM_001	0	400	112	2
MOB_FW_MUJIGI_060	0	400	112	2
MOB_FW_MUJIGI_065	0	400	112	2
MOB_FW_BATTLEGOLEM_070	0	400	112	2
MOB_FW_BATTLEGOLEM_075	0	400	112	2
MOB_FW_TAESE_080	0	400	112	2
MOB_FW_TAESE_085	0	400	112	2
MOB_FW_HYEONGCHEON_090	0	400	112	2
MOB_FW_HYEONGCHEON_095	0	400	112	2
MOB_FW_MUJIGI_100	0	400	112	2
MOB_FW_MUJIGI_105	0	400	112	2
MOB_FW_BATTLEGOLEM_110	0	400	112	2
MOB_FW_BATTLEGOLEM_115	0	400	112	2
MOB_FW_TAESE_120	0	400	112	2
MOB_FW_TAESE_125	0	400	112	2
MOB_THIEF_NPC_0001	0	130	542	2
MOB_HUNTER_NPC_0001	0	130	666	2
MOB_EU_THIEF_NPC_0001	0	130	542	2
MOB_EU_HUNTER_NPC_0001	0	130	666	2
MOB_QT_01_ANTELOPE_CLON_COS	0	150	0	2
MOB_QT_01_WINGTRIBESPEAR	0	120	0	2
MOB_QT_01_LADON_COS	0	120	0	2
MOB_QT_01_SIREN_CLON_COS	0	120	0	2
MOB_QT_01_LADON	0	120	0	2
MOB_QT_01_KERBEROS	0	120	0	2
MOB_QT_01_ROGUE	0	120	0	2
MOB_QT_01_ROGUE_CLON	0	120	0	2
MOB_QT_01_CRAB	0	120	0	2
MOB_QT_02_PUNISHER_CLON	0	120	0	2
MOB_QT_01_SOLDIER_CLON	0	120	0	2
MOB_QT_03_PUNISHER_CLON	0	120	0	2
MOB_QT_01_PUNISHER	0	120	0	2
MOB_QT_01_IVY	0	120	0	2
MOB_QT_01_ONG	0	120	0	2
MOB_QT_01_HUNLANCER	0	120	0	2
MOB_QT_01_DOWB_COS	0	120	0	2
NPC_CH_QT_FLAMEMASTER	0	120	0	2
MOB_AM_ARCHER	0	100	0	2
MOB_AM_PUNISHER_CLON	0	100	0	2
MOB_AM_IVY	0	200	112	2
MOB_CA_PERYTON	0	100	0	2
MOB_CA_ONG	0	100	0	2
MOB_CA_MONKEY_CLON	0	100	0	2
MOB_CA_MONKEY	0	100	0	2
MOB_CA_GOLEM_CLON	0	125	0	2
